"chr","ACTIVATE_Ho","ACTIVATE_He","ACTIVATE_PIC","LDP_Ho","LDP_He","LDP_PIC"
"Lcu.1GRN.Chr1",0.0360593761235248,0.305055370748148,0.247744667281199,0.0620010652434736,0.366271357342884,0.291357933069419
"Lcu.1GRN.Chr2",0.035741057400948,0.329767783569929,0.264342747357817,0.0621961052495156,0.365675619873202,0.292171628610365
"Lcu.1GRN.Chr3",0.038011908252745,0.314540834732187,0.253719271538506,0.0599807227388687,0.360412316146983,0.288389440205742
"Lcu.1GRN.Chr4",0.037369085396821,0.292016142176015,0.239144319617878,0.0641834175698473,0.383018511031877,0.304557252241086
"Lcu.1GRN.Chr5",0.0431034982550831,0.27498268297985,0.229885703433091,0.0638362701765415,0.382868648857596,0.304062292773781
"Lcu.1GRN.Chr6",0.0380118006858274,0.282370231853032,0.229190118701925,0.0628695682543233,0.388684343640637,0.307603169737044
"Lcu.1GRN.Chr7",0.045125939142347,0.397577553492475,0.312328643489915,0.0702984472238697,0.381512107270308,0.30205476227257
