"Panel","Global_Ho","Global_He","Global_PIC"
"ACTIVATE",0.038918352613068,0.314997767795298,0.254673531262897
"LDP",0.063546555741295,0.374672180893701,0.298047591472813
